PO_ID,Supplier,Order_Date,Delivery_Date,Item_Category,Order_Status,Quantity,Unit_Price,Negotiated_Price,Defective_Units,Compliance,Total_Price,Total_Negotiated_Price,Saving_Cost
PO-00002,Delta_Logistics,25/4/2022,5/5/2022,Office Supplies,Delivered,1509,39.32,37.34,235,Yes,59333.88,56346.06,2987.82
PO-00003,Gamma_Co,26/1/2022,15/2/2022,MRO,Delivered,910,95.51,92.26,41,Yes,86914.1,83956.6,2957.5
PO-00004,Beta_Supplies,9/10/2022,28/10/2022,Packaging,Delivered,1344,99.85,95.52,112,Yes,134198.4,128378.88,5819.52
PO-00005,Delta_Logistics,8/9/2022,20/9/2022,Raw Materials,Delivered,1180,64.07,60.53,171,No,75602.6,71425.4,4177.2
PO-00006,Epsilon_Group,17/8/2022,29/8/2022,MRO,Delivered,1145,69.21,63.57,39,Yes,79245.45,72787.65,6457.8
PO-00007,Gamma_Co,23/5/2022,3/6/2022,MRO,Delivered,1774,51.37,47.82,96,No,91130.38,84832.68,6297.7
PO-00008,Alpha_Inc,15/4/2022,29/4/2022,MRO,Delivered,1094,36.93,32.78,22,Yes,40401.42,35861.32,4540.1
PO-00009,Gamma_Co,24/11/2023,28/11/2023,Raw Materials,Partially Delivered,1688,43.93,39.89,89,Yes,74153.84,67334.32,6819.52
PO-00010,Gamma_Co,13/7/2023,25/7/2023,Raw Materials,Pending,171,76.87,70.2,8,Yes,13144.77,12004.2,1140.57
PO-00011,Epsilon_Group,31/3/2022,15/4/2022,Raw Materials,Delivered,5000,78.49,73.68,18,Yes,392450,368400,24050
PO-00012,Beta_Supplies,28/8/2023,11/9/2023,Raw Materials,Delivered,5000,88.96,86.58,115,Yes,444800,432900,11900
PO-00013,Beta_Supplies,9/3/2023,26/3/2023,Electronics,Pending,5000,86.74,74.86,51,Yes,433700,374300,59400
PO-00015,Delta_Logistics,31/1/2022,18/2/2022,Electronics,Pending,5000,54.5,48.45,22,Yes,272500,242250,30250
PO-00017,Delta_Logistics,12/8/2022,31/8/2022,MRO,Delivered,1173,61.54,55.49,172,No,72186.42,65089.77,7096.65
PO-00019,Gamma_Co,2/6/2023,5/6/2023,Raw Materials,Partially Delivered,1737,97.53,87.37,79,Yes,169409.61,151761.69,17647.92
PO-00021,Epsilon_Group,28/1/2022,12/2/2022,Electronics,Cancelled,1735,20.54,19.69,49,Yes,35636.9,34162.15,1474.75
PO-00023,Epsilon_Group,23/7/2022,8/8/2022,MRO,Delivered,819,80.89,77.03,29,Yes,66248.91,63087.57,3161.34
PO-00024,Beta_Supplies,28/10/2023,3/11/2023,Office Supplies,Partially Delivered,393,72.53,66.31,42,No,28504.29,26059.83,2444.46
PO-00025,Beta_Supplies,20/12/2023,1/1/2024,MRO,Delivered,1565,21.3,20.09,161,Yes,33334.5,31440.85,1893.65
PO-00027,Alpha_Inc,6/3/2023,26/3/2023,MRO,Delivered,855,78.2,67.16,17,Yes,66861,57421.8,9439.2
PO-00028,Epsilon_Group,14/8/2022,23/8/2022,Raw Materials,Delivered,435,17.13,15.84,8,Yes,7451.55,6890.4,561.15
PO-00029,Delta_Logistics,5/4/2023,22/4/2023,MRO,Delivered,1265,90.26,79.47,187,Yes,114178.9,100529.55,13649.35
PO-00032,Alpha_Inc,7/1/2022,15/1/2022,Office Supplies,Delivered,1234,17.64,15.66,26,Yes,21767.76,19324.44,2443.32
PO-00033,Epsilon_Group,13/6/2022,29/6/2022,MRO,Delivered,509,101.27,97.82,19,Yes,51546.43,49790.38,1756.05
PO-00034,Alpha_Inc,16/12/2023,17/12/2023,Packaging,Delivered,1387,48.71,43.71,27,Yes,67560.77,60625.77,6935
PO-00036,Epsilon_Group,15/12/2022,23/12/2022,Office Supplies,Delivered,302,87.73,81.52,9,Yes,26494.46,24619.04,1875.42
PO-00037,Epsilon_Group,12/10/2022,31/10/2022,Office Supplies,Pending,797,99.54,91.37,18,Yes,79333.38,72821.89,6511.49
PO-00038,Beta_Supplies,9/6/2022,27/6/2022,Office Supplies,Pending,906,101.21,90.9,94,Yes,91696.26,82355.4,9340.86
PO-00039,Epsilon_Group,9/8/2022,23/8/2022,Office Supplies,Delivered,1634,80.53,76.15,50,Yes,131586.02,124429.1,7156.92
PO-00041,Beta_Supplies,15/4/2022,27/4/2022,Electronics,Delivered,1132,17.78,15.36,96,Yes,20126.96,17387.52,2739.44
PO-00042,Beta_Supplies,5/4/2022,14/4/2022,Office Supplies,Delivered,560,81.14,77.87,34,No,45438.4,43607.2,1831.2
PO-00043,Gamma_Co,25/1/2023,2/2/2023,Electronics,Delivered,1755,63.87,58.4,85,Yes,112091.85,102492,9599.85
PO-00044,Epsilon_Group,10/4/2022,17/4/2022,MRO,Delivered,1549,48.9,42.42,48,Yes,75746.1,65708.58,10037.52
PO-00045,Delta_Logistics,3/1/2023,21/1/2023,MRO,Delivered,749,97.07,94.16,123,Yes,72705.43,70525.84,2179.59
PO-00047,Beta_Supplies,11/9/2023,18/9/2023,Raw Materials,Delivered,1856,59.77,50.81,191,Yes,110933.12,94303.36,16629.76
PO-00048,Epsilon_Group,28/9/2022,14/10/2022,Office Supplies,Delivered,239,11.46,11.28,4,Yes,2738.94,2695.92,43.02
PO-00049,Delta_Logistics,14/2/2022,5/3/2022,Office Supplies,Pending,1007,52.44,46.06,167,Yes,52807.08,46382.42,6424.66
PO-00053,Alpha_Inc,23/1/2023,2/2/2023,MRO,Pending,1949,72.53,63.26,48,No,141360.97,123293.74,18067.23
PO-00054,Delta_Logistics,22/3/2022,28/3/2022,Office Supplies,Cancelled,1640,77.92,76.41,262,No,127788.8,125312.4,2476.4
PO-00055,Beta_Supplies,20/7/2023,7/8/2023,Electronics,Delivered,1317,68.13,60.52,136,Yes,89727.21,79704.84,10022.37
PO-00056,Epsilon_Group,28/10/2022,30/10/2022,Raw Materials,Delivered,881,100.94,95.05,30,Yes,88928.14,83739.05,5189.09
PO-00059,Epsilon_Group,6/1/2023,22/1/2023,MRO,Pending,1558,93.46,91.27,39,Yes,145610.68,142198.66,3412.02
PO-00060,Alpha_Inc,15/8/2023,16/8/2023,Packaging,Delivered,1892,32.99,28.81,35,Yes,62417.08,54508.52,7908.56
PO-00061,Epsilon_Group,16/7/2022,1/8/2022,Packaging,Delivered,696,99.59,90.18,25,Yes,69314.64,62765.28,6549.36
PO-00062,Delta_Logistics,23/12/2023,3/1/2024,MRO,Partially Delivered,70,12.37,11.04,10,Yes,865.9,772.8,93.1
PO-00063,Gamma_Co,13/3/2022,15/3/2022,Raw Materials,Delivered,890,98.26,93.14,49,Yes,87451.4,82894.6,4556.8
PO-00064,Alpha_Inc,16/2/2022,4/3/2022,MRO,Delivered,216,13.95,12.31,5,Yes,3013.2,2658.96,354.24
PO-00065,Delta_Logistics,9/11/2023,12/11/2023,Packaging,Delivered,1347,100.13,94.3,200,Yes,134875.11,127022.1,7853.01
PO-00066,Gamma_Co,22/8/2022,25/8/2022,Office Supplies,Partially Delivered,437,59.51,56.45,25,No,26005.87,24668.65,1337.22
PO-00067,Alpha_Inc,24/10/2022,26/10/2022,Electronics,Delivered,650,103.84,88.28,12,Yes,67496,57382,10114
PO-00068,Beta_Supplies,23/3/2022,11/4/2022,Office Supplies,Delivered,365,16.81,15.41,38,Yes,6135.65,5624.65,511
PO-00070,Alpha_Inc,14/4/2022,22/4/2022,MRO,Delivered,291,98.7,87.02,9,Yes,28721.7,25322.82,3398.88
PO-00071,Alpha_Inc,25/1/2023,8/2/2023,MRO,Cancelled,826,60.5,57.18,18,Yes,49973,47230.68,2742.32
PO-00072,Delta_Logistics,12/10/2022,1/11/2022,Electronics,Pending,1419,69.64,59.28,194,Yes,98819.16,84118.32,14700.84
PO-00073,Gamma_Co,10/4/2023,27/4/2023,Office Supplies,Delivered,614,78.06,73.95,40,Yes,47928.84,45405.3,2523.54
PO-00074,Alpha_Inc,13/10/2023,28/10/2023,Electronics,Delivered,947,56.25,54.25,19,Yes,53268.75,51374.75,1894
PO-00077,Alpha_Inc,15/1/2023,4/2/2023,Office Supplies,Delivered,1440,96.57,83.87,36,Yes,139060.8,120772.8,18288
PO-00080,Gamma_Co,18/11/2023,25/11/2023,MRO,Delivered,1501,106.05,100.99,77,No,159181.05,151585.99,7595.06
PO-00083,Beta_Supplies,1/12/2023,7/12/2023,Electronics,Cancelled,84,73.38,71.42,9,Yes,6163.92,5999.28,164.64
PO-00084,Delta_Logistics,26/10/2023,10/11/2023,Raw Materials,Delivered,255,38.64,33.59,27,No,9853.2,8565.45,1287.75
PO-00085,Gamma_Co,15/3/2022,31/3/2022,MRO,Delivered,1154,27.2,26.07,58,Yes,31388.8,30084.78,1304.02
PO-00086,Delta_Logistics,16/9/2023,24/9/2023,Office Supplies,Delivered,1635,56.91,54.37,262,No,93047.85,88894.95,4152.9
PO-00087,Delta_Logistics,13/10/2023,23/10/2023,Raw Materials,Delivered,1945,46.19,40.12,278,No,89839.55,78033.4,11806.15
PO-00088,Delta_Logistics,25/6/2022,10/7/2022,MRO,Partially Delivered,1461,64.09,63.39,228,No,93635.49,92612.79,1022.7
PO-00089,Delta_Logistics,1/7/2023,9/7/2023,Electronics,Delivered,1075,18.53,16.12,147,Yes,19919.75,17329,2590.75
PO-00091,Epsilon_Group,17/6/2022,6/7/2022,Packaging,Pending,1463,101.23,86.17,43,Yes,148099.49,126066.71,22032.78
PO-00092,Beta_Supplies,19/4/2023,26/4/2023,Raw Materials,Delivered,615,78.3,73.68,69,Yes,48154.5,45313.2,2841.3
PO-00094,Alpha_Inc,4/10/2022,9/10/2022,Electronics,Partially Delivered,1845,39.56,37.63,45,Yes,72988.2,69427.35,3560.85
PO-00096,Epsilon_Group,6/12/2023,9/12/2023,MRO,Partially Delivered,1550,79.86,69.57,32,No,123783,107833.5,15949.5
PO-00098,Epsilon_Group,13/8/2022,1/9/2022,Electronics,Delivered,451,95.2,90.07,21,Yes,42935.2,40621.57,2313.63
PO-00100,Beta_Supplies,29/11/2022,14/12/2022,MRO,Pending,1629,100.26,86.44,187,No,163323.54,140810.76,22512.78
PO-00101,Alpha_Inc,27/2/2022,22/2/2022,Office Supplies,Delivered,211,75.69,65.4,2,Yes,15970.59,13799.4,2171.19
PO-00103,Gamma_Co,2/2/2022,18/2/2022,Raw Materials,Delivered,1045,47.88,44.65,69,Yes,50034.6,46659.25,3375.35
PO-00104,Delta_Logistics,20/11/2022,10/12/2022,MRO,Delivered,319,98.64,89.15,57,Yes,31466.16,28438.85,3027.31
PO-00105,Epsilon_Group,15/2/2023,1/3/2023,Office Supplies,Partially Delivered,1936,93.66,92.24,58,Yes,181325.76,178576.64,2749.12
PO-00106,Delta_Logistics,2/10/2022,22/10/2022,MRO,Cancelled,865,14.7,13.14,135,No,12715.5,11366.1,1349.4
PO-00107,Epsilon_Group,9/3/2022,12/3/2022,Electronics,Delivered,1344,12.5,10.87,44,Yes,16800,14609.28,2190.72
PO-00108,Delta_Logistics,5/8/2022,24/8/2022,Raw Materials,Pending,505,45.42,40.37,62,Yes,22937.1,20386.85,2550.25
PO-00109,Beta_Supplies,4/8/2023,5/8/2023,Packaging,Delivered,1535,90.83,78.28,151,No,139424.05,120159.8,19264.25
PO-00111,Delta_Logistics,6/8/2022,15/8/2022,Raw Materials,Pending,1325,24.36,22.75,206,Yes,32277,30143.75,2133.25
PO-00112,Gamma_Co,3/11/2023,9/11/2023,Raw Materials,Delivered,1066,70.45,65.88,56,No,75099.7,70228.08,4871.62
PO-00113,Beta_Supplies,27/5/2023,11/6/2023,Raw Materials,Delivered,1775,47.82,45.86,180,Yes,84880.5,81401.5,3479
PO-00116,Alpha_Inc,15/4/2023,1/5/2023,MRO,Delivered,769,91.86,86.55,17,Yes,70640.34,66556.95,4083.39
PO-00118,Delta_Logistics,29/9/2022,13/10/2022,Packaging,Delivered,387,49.23,45.41,61,Yes,19052.01,17573.67,1478.34
PO-00119,Epsilon_Group,23/5/2022,27/5/2022,MRO,Delivered,928,35.3,32.52,26,Yes,32758.4,30178.56,2579.84
PO-00120,Alpha_Inc,10/9/2022,21/9/2022,Packaging,Partially Delivered,1126,15.68,14.97,27,Yes,17655.68,16856.22,799.46
PO-00121,Beta_Supplies,29/7/2023,14/8/2023,Raw Materials,Cancelled,841,95.73,85.33,81,Yes,80508.93,71762.53,8746.4
PO-00122,Beta_Supplies,6/7/2023,19/7/2023,Electronics,Delivered,1995,90.65,77.75,206,Yes,180846.75,155111.25,25735.5
PO-00123,Alpha_Inc,27/9/2022,15/10/2022,Raw Materials,Delivered,266,103.97,101.44,6,Yes,27656.02,26983.04,672.98
PO-00124,Alpha_Inc,22/8/2023,25/8/2023,Raw Materials,Cancelled,813,109.17,107.39,14,Yes,88755.21,87308.07,1447.14
PO-00125,Epsilon_Group,15/3/2023,26/3/2023,Electronics,Delivered,237,64.19,59.01,7,Yes,15213.03,13985.37,1227.66
PO-00126,Alpha_Inc,21/8/2023,3/9/2023,Office Supplies,Cancelled,429,86.73,75.09,9,Yes,37207.17,32213.61,4993.56
PO-00127,Delta_Logistics,13/2/2023,14/2/2023,Packaging,Delivered,542,101.21,93.11,78,No,54855.82,50465.62,4390.2
PO-00128,Epsilon_Group,6/1/2023,24/1/2023,Electronics,Delivered,1114,91.66,85.53,35,Yes,102109.24,95280.42,6828.82
PO-00129,Alpha_Inc,13/8/2022,15/8/2022,MRO,Delivered,1230,33.39,30.85,26,Yes,41069.7,37945.5,3124.2
PO-00130,Beta_Supplies,22/5/2022,3/6/2022,MRO,Delivered,64,51.56,50.88,5,Yes,3299.84,3256.32,43.52
PO-00132,Delta_Logistics,21/5/2023,23/5/2023,Office Supplies,Delivered,114,103.53,101.54,14,Yes,11802.42,11575.56,226.86
PO-00133,Delta_Logistics,4/4/2022,22/4/2022,Electronics,Cancelled,1930,65.52,56.9,282,Yes,126453.6,109817,16636.6
PO-00134,Beta_Supplies,18/2/2022,28/2/2022,Office Supplies,Pending,1912,30.73,29.82,191,Yes,58755.76,57015.84,1739.92
PO-00137,Alpha_Inc,5/10/2023,11/10/2023,Raw Materials,Delivered,1202,46.67,44.13,21,No,56097.34,53044.26,3053.08
PO-00138,Beta_Supplies,13/6/2022,14/6/2022,Office Supplies,Delivered,697,20.73,19.83,78,No,14448.81,13821.51,627.3
PO-00139,Epsilon_Group,28/11/2023,1/12/2023,MRO,Delivered,1545,78.19,76.91,42,Yes,120803.55,118825.95,1977.6
PO-00140,Gamma_Co,9/3/2023,13/3/2023,MRO,Partially Delivered,1136,60.81,58.25,62,Yes,69080.16,66172,2908.16
PO-00141,Beta_Supplies,3/9/2023,7/9/2023,MRO,Delivered,1212,87.46,74.55,118,No,106001.52,90354.6,15646.92
PO-00142,Epsilon_Group,7/3/2022,12/3/2022,MRO,Delivered,1572,57.38,49.32,40,Yes,90201.36,77531.04,12670.32
PO-00143,Gamma_Co,30/1/2023,9/2/2023,Electronics,Delivered,642,91.9,81.49,26,Yes,58999.8,52316.58,6683.22
PO-00144,Epsilon_Group,26/1/2023,4/2/2023,Office Supplies,Delivered,441,63.25,54.12,16,Yes,27893.25,23866.92,4026.33
PO-00147,Beta_Supplies,26/6/2023,14/7/2023,Raw Materials,Delivered,338,50.25,46.28,49,No,16984.5,15642.64,1341.86
PO-00148,Gamma_Co,15/9/2022,22/9/2022,Office Supplies,Delivered,428,22.94,21.52,26,Yes,9818.32,9210.56,607.76
PO-00150,Epsilon_Group,12/1/2022,17/1/2022,Office Supplies,Delivered,1563,77.96,70.8,41,Yes,121851.48,110660.4,11191.08
PO-00151,Beta_Supplies,28/11/2023,7/12/2023,Office Supplies,Delivered,280,73.07,69.29,30,Yes,20459.6,19401.2,1058.4
PO-00153,Gamma_Co,30/11/2023,17/12/2023,Electronics,Pending,90,32.38,29.96,7,Yes,2914.2,2696.4,217.8
PO-00154,Gamma_Co,4/7/2023,5/7/2023,Raw Materials,Delivered,1101,24.28,22.73,59,No,26732.28,25025.73,1706.55
PO-00155,Alpha_Inc,1/10/2022,11/10/2022,Raw Materials,Delivered,184,11.82,10.51,4,Yes,2174.88,1933.84,241.04
PO-00156,Epsilon_Group,19/10/2023,7/11/2023,Electronics,Delivered,250,45.92,41.02,3,Yes,11480,10255,1225
PO-00159,Delta_Logistics,28/10/2022,13/11/2022,Raw Materials,Delivered,979,51.59,49.69,148,Yes,50506.61,48646.51,1860.1
PO-00160,Epsilon_Group,22/3/2023,9/4/2023,Electronics,Partially Delivered,1106,97.77,90.45,31,Yes,108133.62,100037.7,8095.92
PO-00161,Delta_Logistics,11/6/2022,24/6/2022,Office Supplies,Pending,1121,42.38,38.34,152,Yes,47507.98,42979.14,4528.84
PO-00162,Alpha_Inc,10/4/2023,21/4/2023,Office Supplies,Delivered,552,60.48,56.78,10,Yes,33384.96,31342.56,2042.4
PO-00163,Gamma_Co,4/1/2022,12/1/2022,Packaging,Delivered,456,80.53,77.86,26,Yes,36721.68,35504.16,1217.52
PO-00165,Epsilon_Group,28/5/2023,11/6/2023,Electronics,Pending,1801,71.27,61.24,43,Yes,128357.27,110293.24,18064.03
PO-00167,Delta_Logistics,4/6/2023,17/6/2023,Electronics,Delivered,148,103.57,98.62,23,No,15328.36,14595.76,732.6
PO-00168,Delta_Logistics,19/4/2022,24/4/2022,MRO,Delivered,733,23.59,22.85,92,Yes,17291.47,16749.05,542.42
PO-00170,Gamma_Co,2/11/2022,21/11/2022,Raw Materials,Delivered,775,57,49.14,48,Yes,44175,38083.5,6091.5
PO-00171,Delta_Logistics,17/10/2023,21/10/2023,Packaging,Delivered,1620,36.73,33.45,235,No,59502.6,54189,5313.6
PO-00173,Epsilon_Group,16/9/2023,1/10/2023,Office Supplies,Delivered,1812,108.02,101.02,51,Yes,195732.24,183048.24,12684
PO-00174,Delta_Logistics,23/7/2022,28/7/2022,Office Supplies,Delivered,662,55.97,50,100,Yes,37052.14,33100,3952.14
PO-00175,Beta_Supplies,6/6/2022,11/6/2022,Office Supplies,Pending,1535,40.58,38.71,165,Yes,62290.3,59419.85,2870.45
PO-00176,Beta_Supplies,18/1/2023,27/1/2023,Raw Materials,Delivered,692,71.03,67.74,70,Yes,49152.76,46876.08,2276.68
PO-00177,Gamma_Co,15/6/2022,28/6/2022,MRO,Delivered,1842,32.4,28.08,96,Yes,59680.8,51723.36,7957.44
PO-00178,Beta_Supplies,7/7/2023,18/7/2023,Office Supplies,Cancelled,1078,18.34,17.41,102,Yes,19770.52,18767.98,1002.54
PO-00180,Alpha_Inc,1/1/2022,12/1/2022,Electronics,Delivered,552,21.52,18.79,13,Yes,11879.04,10372.08,1506.96
PO-00181,Epsilon_Group,6/9/2023,22/9/2023,Electronics,Delivered,816,26.04,25.61,28,Yes,21248.64,20897.76,350.88
PO-00182,Delta_Logistics,28/11/2022,30/11/2022,Packaging,Delivered,447,23.62,21.81,50,Yes,10558.14,9749.07,809.07
PO-00184,Epsilon_Group,20/1/2022,30/1/2022,Packaging,Partially Delivered,844,26.37,25.08,38,Yes,22256.28,21167.52,1088.76
PO-00186,Beta_Supplies,7/1/2023,21/1/2023,Electronics,Cancelled,256,96.15,83.44,26,Yes,24614.4,21360.64,3253.76
PO-00188,Beta_Supplies,3/9/2022,7/9/2022,Office Supplies,Delivered,1931,72.88,64.69,187,Yes,140731.28,124916.39,15814.89
PO-00189,Gamma_Co,1/3/2022,11/3/2022,Electronics,Delivered,1627,25.76,25.09,74,Yes,41911.52,40821.43,1090.09
PO-00192,Alpha_Inc,22/3/2022,3/4/2022,Raw Materials,Delivered,1764,25.46,24.52,46,Yes,44911.44,43253.28,1658.16
PO-00194,Gamma_Co,13/5/2023,1/6/2023,Packaging,Delivered,913,28.01,24.06,53,Yes,25573.13,21966.78,3606.35
PO-00195,Alpha_Inc,12/3/2022,18/3/2022,Packaging,Cancelled,792,18.16,17.25,17,Yes,14382.72,13662,720.72
PO-00196,Epsilon_Group,30/6/2023,3/7/2023,Office Supplies,Partially Delivered,1314,22.63,21.06,44,Yes,29735.82,27672.84,2062.98
PO-00197,Beta_Supplies,9/5/2022,22/5/2022,MRO,Delivered,613,52.5,45.19,70,Yes,32182.5,27701.47,4481.03
PO-00198,Alpha_Inc,12/5/2022,20/5/2022,Office Supplies,Delivered,1070,29.14,26.63,24,Yes,31179.8,28494.1,2685.7
PO-00199,Gamma_Co,7/11/2023,26/11/2023,Raw Materials,Partially Delivered,145,47.49,42.76,6,Yes,6886.05,6200.2,685.85
PO-00200,Delta_Logistics,2/5/2023,17/5/2023,Raw Materials,Delivered,1973,59.73,54.95,291,Yes,117847.29,108416.35,9430.94
PO-00201,Epsilon_Group,17/7/2023,1/8/2023,Office Supplies,Delivered,1807,78.63,73.08,100,Yes,142084.41,132055.56,10028.85
PO-00202,Epsilon_Group,19/6/2022,20/6/2022,Electronics,Delivered,534,13.88,12.51,100,Yes,7411.92,6680.34,731.58
PO-00203,Alpha_Inc,29/9/2022,14/10/2022,Electronics,Delivered,1480,85.22,75.48,100,Yes,126125.6,111710.4,14415.2
PO-00205,Beta_Supplies,14/9/2023,20/9/2023,Office Supplies,Cancelled,798,19.09,17.76,100,Yes,15233.82,14172.48,1061.34
PO-00206,Epsilon_Group,10/3/2023,22/3/2023,Electronics,Delivered,1728,94.83,90.2,100,Yes,163866.24,155865.6,8000.64
PO-00208,Beta_Supplies,7/7/2023,21/7/2023,Office Supplies,Delivered,590,16.89,15.56,46,No,9965.1,9180.4,784.7
PO-00209,Delta_Logistics,8/12/2023,23/12/2023,Packaging,Delivered,1109,38.93,33.33,152,Yes,43173.37,36962.97,6210.4
PO-00210,Beta_Supplies,25/7/2022,1/8/2022,MRO,Delivered,574,85.03,82.55,54,Yes,48807.22,47383.7,1423.52
PO-00212,Gamma_Co,16/11/2022,20/11/2022,Packaging,Delivered,1912,27.94,25.59,83,No,53421.28,48928.08,4493.2
PO-00213,Alpha_Inc,13/2/2023,4/3/2023,Packaging,Delivered,1772,30.72,27.76,46,No,54435.84,49190.72,5245.12
PO-00214,Beta_Supplies,19/11/2023,29/11/2023,Office Supplies,Delivered,1316,48.11,41.9,135,Yes,63312.76,55140.4,8172.36
PO-00216,Alpha_Inc,18/1/2023,31/1/2023,Office Supplies,Delivered,1869,69.58,67.5,31,Yes,130045.02,126157.5,3887.52
PO-00218,Beta_Supplies,14/6/2023,16/6/2023,Raw Materials,Pending,731,56.02,54.78,70,No,40950.62,40044.18,906.44
PO-00220,Beta_Supplies,4/5/2022,14/5/2022,Office Supplies,Delivered,1647,13.57,12.33,157,Yes,22349.79,20307.51,2042.28
PO-00224,Gamma_Co,13/12/2022,18/12/2022,MRO,Delivered,1101,59.13,52.51,54,Yes,65102.13,57813.51,7288.62
PO-00225,Gamma_Co,22/1/2022,24/1/2022,Raw Materials,Delivered,1693,57.89,49.84,88,Yes,98007.77,84379.12,13628.65
PO-00226,Delta_Logistics,26/8/2023,10/9/2023,Office Supplies,Cancelled,1629,21.51,19.41,250,No,35039.79,31618.89,3420.9
PO-00228,Epsilon_Group,24/8/2022,27/8/2022,Packaging,Delivered,1871,59.96,58.54,47,Yes,112185.16,109528.34,2656.82
PO-00230,Gamma_Co,14/8/2022,28/8/2022,Electronics,Delivered,1713,35.43,34.11,74,Yes,60691.59,58430.43,2261.16
PO-00231,Gamma_Co,8/1/2022,13/1/2022,Electronics,Delivered,1579,43.96,43.41,74,Yes,69412.84,68544.39,868.45
PO-00232,Gamma_Co,14/3/2022,26/3/2022,Electronics,Delivered,1421,11.92,11.72,76,Yes,16938.32,16654.12,284.2
PO-00233,Epsilon_Group,26/12/2023,4/1/2024,MRO,Delivered,1546,43.47,37.37,53,Yes,67204.62,57774.02,9430.6
PO-00238,Gamma_Co,2/2/2022,13/2/2022,MRO,Delivered,1450,63.74,59.11,71,Yes,92423,85709.5,6713.5
PO-00239,Beta_Supplies,5/12/2022,20/12/2022,Electronics,Delivered,1356,75.03,63.86,131,Yes,101740.68,86594.16,15146.52
PO-00241,Gamma_Co,11/6/2023,19/6/2023,Packaging,Delivered,677,59.52,55.29,39,Yes,40295.04,37431.33,2863.71
PO-00242,Delta_Logistics,1/9/2022,14/9/2022,Office Supplies,Delivered,1022,18.54,16.55,150,Yes,18947.88,16914.1,2033.78
PO-00244,Epsilon_Group,17/11/2023,29/11/2023,Electronics,Delivered,1332,69.73,63.8,41,Yes,92880.36,84981.6,7898.76
PO-00245,Beta_Supplies,13/5/2023,26/5/2023,Raw Materials,Delivered,1432,83.26,77.67,174,Yes,119228.32,111223.44,8004.88
PO-00246,Beta_Supplies,8/8/2022,26/8/2022,Packaging,Pending,759,50.56,46.47,63,No,38375.04,35270.73,3104.31
PO-00247,Alpha_Inc,7/7/2023,19/7/2023,Packaging,Delivered,1529,23.42,22.44,30,Yes,35809.18,34310.76,1498.42
PO-00248,Gamma_Co,16/5/2022,25/5/2022,Electronics,Delivered,1484,36.25,31.8,61,Yes,53795,47191.2,6603.8
PO-00249,Epsilon_Group,8/8/2023,20/8/2023,Packaging,Delivered,698,46.73,45.61,15,Yes,32617.54,31835.78,781.76
PO-00250,Epsilon_Group,14/8/2023,22/8/2023,Packaging,Pending,367,74.61,71.36,13,Yes,27381.87,26189.12,1192.75
PO-00251,Epsilon_Group,30/4/2023,20/5/2023,Office Supplies,Partially Delivered,1750,65.97,58.34,50,Yes,115447.5,102095,13352.5
PO-00253,Gamma_Co,30/4/2023,20/5/2023,Packaging,Delivered,1892,106.2,96.37,93,Yes,200930.4,182332.04,18598.36
PO-00254,Beta_Supplies,21/2/2023,24/2/2023,Electronics,Delivered,1307,68.71,60.64,141,Yes,89803.97,79256.48,10547.49
PO-00255,Beta_Supplies,14/7/2022,29/7/2022,Electronics,Delivered,733,32.29,29.01,78,Yes,23668.57,21264.33,2404.24
PO-00257,Beta_Supplies,10/4/2022,24/4/2022,Packaging,Delivered,1900,24.11,23.45,188,Yes,45809,44555,1254
PO-00258,Delta_Logistics,6/11/2023,8/11/2023,MRO,Cancelled,1447,35.67,35.07,224,No,51614.49,50746.29,868.2
PO-00260,Beta_Supplies,29/12/2022,14/1/2023,Office Supplies,Delivered,1681,28.26,26.62,143,Yes,47505.06,44748.22,2756.84
PO-00261,Delta_Logistics,10/3/2023,18/3/2023,Electronics,Delivered,1545,38.15,36.96,214,Yes,58941.75,57103.2,1838.55
PO-00262,Epsilon_Group,25/2/2023,2/3/2023,Raw Materials,Delivered,1306,27.27,25.96,39,Yes,35614.62,33903.76,1710.86
PO-00263,Gamma_Co,24/4/2023,6/5/2023,Raw Materials,Delivered,1765,97.51,84.3,65,Yes,172105.15,148789.5,23315.65
PO-00264,Gamma_Co,25/2/2022,15/3/2022,Packaging,Cancelled,1186,17.31,16,64,Yes,20529.66,18976,1553.66
PO-00265,Delta_Logistics,21/11/2023,26/11/2023,Packaging,Delivered,1903,63.5,56.09,254,Yes,120840.5,106739.27,14101.23
PO-00268,Beta_Supplies,11/4/2022,20/4/2022,Electronics,Partially Delivered,613,20.38,20.17,58,Yes,12492.94,12364.21,128.73
PO-00269,Gamma_Co,4/3/2022,16/3/2022,Raw Materials,Partially Delivered,1341,46.27,43.94,63,Yes,62048.07,58923.54,3124.53
PO-00270,Beta_Supplies,17/2/2023,4/3/2023,MRO,Partially Delivered,1583,103.57,89.38,164,Yes,163951.31,141488.54,22462.77
PO-00272,Epsilon_Group,22/4/2022,26/4/2022,MRO,Delivered,1459,84.79,82.72,47,Yes,123708.61,120688.48,3020.13
PO-00274,Beta_Supplies,16/7/2022,28/7/2022,Packaging,Partially Delivered,1186,26.14,24.78,112,Yes,31002.04,29389.08,1612.96
PO-00275,Epsilon_Group,14/7/2022,23/7/2022,MRO,Pending,1686,72.28,65.21,53,Yes,121864.08,109944.06,11920.02
PO-00276,Alpha_Inc,4/7/2023,8/7/2023,MRO,Delivered,1698,102.07,100.69,28,Yes,173314.86,170971.62,2343.24
PO-00278,Alpha_Inc,24/5/2022,27/5/2022,Office Supplies,Delivered,1154,62.67,54.11,25,Yes,72321.18,62442.94,9878.24
PO-00282,Delta_Logistics,19/4/2023,24/4/2023,Office Supplies,Delivered,691,42.07,39.1,106,Yes,29070.37,27018.1,2052.27
PO-00283,Beta_Supplies,13/9/2022,20/9/2022,Office Supplies,Delivered,269,50.22,45.75,32,No,13509.18,12306.75,1202.43
PO-00284,Beta_Supplies,19/3/2022,6/4/2022,Electronics,Pending,1639,56.24,55.4,147,Yes,92177.36,90800.6,1376.76
PO-00285,Alpha_Inc,30/3/2023,6/4/2023,Raw Materials,Delivered,904,34.04,30.06,26,Yes,30772.16,27174.24,3597.92
PO-00288,Beta_Supplies,21/2/2022,13/3/2022,Packaging,Delivered,434,36.16,34.79,41,Yes,15693.44,15098.86,594.58
PO-00289,Epsilon_Group,30/10/2023,4/11/2023,Electronics,Delivered,1476,68.85,65.28,43,Yes,101622.6,96353.28,5269.32
PO-00291,Gamma_Co,16/1/2022,22/1/2022,Packaging,Delivered,1203,53.3,47.68,49,Yes,64119.9,57359.04,6760.86
PO-00293,Epsilon_Group,31/8/2022,12/9/2022,Packaging,Delivered,1757,15.18,13.06,63,Yes,26671.26,22946.42,3724.84
PO-00294,Epsilon_Group,20/6/2022,28/6/2022,MRO,Delivered,779,41.3,36.28,20,Yes,32172.7,28262.12,3910.58
PO-00295,Delta_Logistics,21/2/2023,22/2/2023,Office Supplies,Delivered,1745,23.53,22.57,282,No,41059.85,39384.65,1675.2
PO-00296,Delta_Logistics,13/5/2023,15/5/2023,Raw Materials,Delivered,1783,16.96,15.8,295,Yes,30239.68,28171.4,2068.28
PO-00299,Epsilon_Group,15/2/2023,27/2/2023,MRO,Delivered,885,88.28,80.8,31,Yes,78127.8,71508,6619.8
PO-00300,Epsilon_Group,2/3/2022,6/3/2022,Raw Materials,Pending,1512,33.25,30.15,53,Yes,50274,45586.8,4687.2
PO-00303,Alpha_Inc,3/1/2022,20/1/2022,Packaging,Delivered,172,63.61,55.92,4,Yes,10940.92,9618.24,1322.68
PO-00304,Epsilon_Group,4/2/2023,5/2/2023,Packaging,Pending,450,55.85,49.88,9,Yes,25132.5,22446,2686.5
PO-00305,Gamma_Co,29/9/2022,15/10/2022,Electronics,Delivered,816,48.95,43.42,45,Yes,39943.2,35430.72,4512.48
PO-00306,Epsilon_Group,11/4/2023,25/4/2023,Packaging,Delivered,343,44.5,38.57,7,Yes,15263.5,13229.51,2033.99
PO-00307,Gamma_Co,20/10/2022,5/11/2022,MRO,Delivered,329,97.87,85.35,21,No,32199.23,28080.15,4119.08
PO-00309,Epsilon_Group,15/12/2023,18/12/2023,MRO,Delivered,933,107.99,104.29,29,Yes,100754.67,97302.57,3452.1
PO-00310,Delta_Logistics,24/7/2023,29/7/2023,Raw Materials,Delivered,1683,23.09,21.88,253,Yes,38860.47,36824.04,2036.43
PO-00313,Alpha_Inc,8/6/2022,19/6/2022,Packaging,Delivered,1980,26.97,24.16,41,Yes,53400.6,47836.8,5563.8
PO-00314,Epsilon_Group,14/7/2022,3/8/2022,Raw Materials,Delivered,1584,16.46,14.2,57,Yes,26072.64,22492.8,3579.84
PO-00317,Beta_Supplies,1/3/2022,5/3/2022,Raw Materials,Delivered,658,86.62,79.85,72,Yes,56995.96,52541.3,4454.66
PO-00318,Epsilon_Group,17/8/2023,4/9/2023,Electronics,Delivered,1274,24.72,23.36,37,Yes,31493.28,29760.64,1732.64
PO-00319,Epsilon_Group,10/7/2023,17/7/2023,Packaging,Partially Delivered,1197,88.92,78.82,31,Yes,106437.24,94347.54,12089.7
PO-00320,Gamma_Co,4/3/2022,12/3/2022,Electronics,Delivered,236,28.43,28.11,11,Yes,6709.48,6633.96,75.52
PO-00321,Gamma_Co,18/11/2022,3/12/2022,Raw Materials,Partially Delivered,1399,25.97,22.19,62,Yes,36332.03,31043.81,5288.22
PO-00322,Gamma_Co,28/2/2022,4/3/2022,Electronics,Delivered,513,24.91,22.58,29,Yes,12778.83,11583.54,1195.29
PO-00323,Delta_Logistics,21/2/2022,4/3/2022,MRO,Delivered,1422,83.73,76.47,198,Yes,119064.06,108740.34,10323.72
PO-00327,Delta_Logistics,28/6/2023,1/7/2023,Office Supplies,Delivered,1004,96.51,92.9,146,No,96896.04,93271.6,3624.44
PO-00328,Epsilon_Group,11/6/2022,15/6/2022,Raw Materials,Delivered,452,46.45,40.39,9,Yes,20995.4,18256.28,2739.12
PO-00329,Beta_Supplies,28/2/2022,12/3/2022,Raw Materials,Pending,1419,83.91,71.46,137,Yes,119068.29,101401.74,17666.55
PO-00330,Beta_Supplies,5/6/2023,23/6/2023,Packaging,Delivered,1584,53.73,51.92,167,No,85108.32,82241.28,2867.04
PO-00331,Gamma_Co,24/3/2022,11/4/2022,MRO,Pending,196,44.36,43.81,6,Yes,8694.56,8586.76,107.8
PO-00332,Alpha_Inc,10/7/2022,14/7/2022,Office Supplies,Delivered,1221,53.19,46.18,29,Yes,64944.99,56385.78,8559.21
PO-00334,Alpha_Inc,2/9/2023,4/9/2023,Packaging,Delivered,1784,85.01,76.69,37,Yes,151657.84,136814.96,14842.88
PO-00336,Delta_Logistics,23/11/2023,5/12/2023,Electronics,Pending,538,34.3,32.25,84,No,18453.4,17350.5,1102.9
PO-00337,Delta_Logistics,29/8/2022,15/9/2022,Office Supplies,Pending,978,94.15,87.7,149,No,92078.7,85770.6,6308.1
PO-00338,Epsilon_Group,18/2/2023,6/3/2023,Raw Materials,Cancelled,1713,47.45,42.05,53,Yes,81281.85,72031.65,9250.2
PO-00339,Delta_Logistics,3/5/2022,7/5/2022,Raw Materials,Pending,600,60.1,57.92,95,No,36060,34752,1308
PO-00340,Alpha_Inc,7/8/2023,25/8/2023,Electronics,Pending,387,100.28,85.54,5,Yes,38808.36,33103.98,5704.38
PO-00341,Alpha_Inc,10/9/2022,19/9/2022,MRO,Pending,921,68.83,59.13,22,Yes,63392.43,54458.73,8933.7
PO-00342,Beta_Supplies,16/8/2023,30/8/2023,MRO,Delivered,690,22.47,21.94,77,Yes,15504.3,15138.6,365.7
PO-00343,Alpha_Inc,1/9/2023,21/9/2023,Office Supplies,Cancelled,1852,104.04,94.89,36,Yes,192682.08,175736.28,16945.8
PO-00344,Delta_Logistics,10/2/2022,28/2/2022,Electronics,Delivered,522,66.83,58.01,74,Yes,34885.26,30281.22,4604.04
PO-00345,Delta_Logistics,27/9/2023,6/10/2023,Electronics,Delivered,200,44.16,43.13,21,Yes,8832,8626,206
PO-00347,Epsilon_Group,6/3/2023,16/3/2023,Electronics,Delivered,1371,87.16,78.13,43,Yes,119496.36,107116.23,12380.13
PO-00350,Alpha_Inc,2/8/2023,21/8/2023,Packaging,Cancelled,1837,99.04,86.51,39,Yes,181936.48,158918.87,23017.61
PO-00351,Beta_Supplies,20/6/2023,23/6/2023,MRO,Delivered,193,87.86,81.74,21,Yes,16956.98,15775.82,1181.16
PO-00352,Beta_Supplies,20/11/2022,21/11/2022,Electronics,Delivered,395,24.83,23.96,31,Yes,9807.85,9464.2,343.65
PO-00353,Epsilon_Group,25/9/2022,12/10/2022,Electronics,Cancelled,673,39.58,35.83,25,Yes,26637.34,24113.59,2523.75
PO-00354,Delta_Logistics,29/7/2022,12/8/2022,Office Supplies,Cancelled,1066,33.33,28.47,162,No,35529.78,30349.02,5180.76
PO-00355,Gamma_Co,17/11/2023,23/11/2023,Packaging,Delivered,1645,85.42,80.78,73,No,140515.9,132883.1,7632.8
PO-00356,Alpha_Inc,18/11/2022,29/11/2022,Electronics,Delivered,930,13.67,11.95,16,Yes,12713.1,11113.5,1599.6
PO-00358,Gamma_Co,29/9/2022,1/10/2022,Packaging,Delivered,946,81.77,71.65,55,Yes,77354.42,67780.9,9573.52
PO-00360,Epsilon_Group,15/5/2022,18/5/2022,Packaging,Cancelled,303,41.6,40.51,11,Yes,12604.8,12274.53,330.27
PO-00361,Alpha_Inc,19/11/2023,3/12/2023,Raw Materials,Delivered,1725,93.14,79.62,24,Yes,160666.5,137344.5,23322
PO-00362,Beta_Supplies,23/10/2023,7/11/2023,Raw Materials,Cancelled,502,22.05,20.65,50,No,11069.1,10366.3,702.8
PO-00363,Gamma_Co,4/11/2022,11/11/2022,Packaging,Delivered,1110,90.49,80.03,61,Yes,100443.9,88833.3,11610.6
PO-00365,Beta_Supplies,20/11/2022,24/11/2022,Office Supplies,Delivered,1064,48.04,43.6,94,Yes,51114.56,46390.4,4724.16
PO-00367,Beta_Supplies,10/1/2022,20/1/2022,MRO,Delivered,1306,23.49,20.17,116,No,30677.94,26342.02,4335.92
PO-00370,Gamma_Co,31/7/2023,7/8/2023,Raw Materials,Delivered,865,81.54,71.59,39,Yes,70532.1,61925.35,8606.75
PO-00371,Beta_Supplies,13/4/2022,20/4/2022,Raw Materials,Delivered,257,68.72,66.92,22,Yes,17661.04,17198.44,462.6
PO-00372,Epsilon_Group,17/3/2022,26/3/2022,Packaging,Delivered,1204,73.18,67.59,31,Yes,88108.72,81378.36,6730.36
PO-00373,Beta_Supplies,5/7/2023,9/7/2023,Electronics,Partially Delivered,453,64.14,60.18,51,Yes,29055.42,27261.54,1793.88
PO-00374,Epsilon_Group,7/8/2022,21/8/2022,Electronics,Delivered,201,33.81,32.54,3,Yes,6795.81,6540.54,255.27
PO-00375,Delta_Logistics,3/6/2023,16/6/2023,Office Supplies,Delivered,103,44.61,42.88,10,Yes,4594.83,4416.64,178.19
PO-00377,Gamma_Co,16/5/2022,28/5/2022,Office Supplies,Partially Delivered,1746,93.6,89.81,85,Yes,163425.6,156808.26,6617.34
PO-00381,Epsilon_Group,14/1/2023,2/2/2023,Packaging,Delivered,1698,100.97,98.73,52,Yes,171447.06,167643.54,3803.52
PO-00382,Gamma_Co,19/10/2022,1/11/2022,Office Supplies,Delivered,1493,24.87,22.89,56,Yes,37130.91,34174.77,2956.14
PO-00383,Alpha_Inc,11/6/2022,25/6/2022,Packaging,Delivered,1495,64.33,58.18,26,Yes,96173.35,86979.1,9194.25
PO-00384,Alpha_Inc,25/3/2023,7/4/2023,Packaging,Cancelled,153,59.42,52,3,Yes,9091.26,7956,1135.26
PO-00385,Delta_Logistics,11/7/2023,22/7/2023,Raw Materials,Cancelled,1925,70.88,63.41,292,Yes,136444,122064.25,14379.75
PO-00389,Epsilon_Group,1/11/2023,20/11/2023,Raw Materials,Delivered,559,67.56,57.98,15,Yes,37766.04,32410.82,5355.22
PO-00390,Epsilon_Group,26/6/2023,29/6/2023,Electronics,Pending,1546,78.88,78,38,Yes,121948.48,120588,1360.48
PO-00391,Epsilon_Group,9/1/2022,19/1/2022,Packaging,Delivered,148,93.02,85.96,4,Yes,13766.96,12722.08,1044.88
PO-00392,Delta_Logistics,15/11/2023,23/11/2023,Office Supplies,Delivered,202,81.75,78.26,37,No,16513.5,15808.52,704.98
PO-00393,Gamma_Co,22/7/2023,28/7/2023,Packaging,Delivered,1934,25.86,25.6,78,Yes,50013.24,49510.4,502.84
PO-00394,Alpha_Inc,3/11/2022,7/11/2022,Office Supplies,Delivered,963,64.96,64.07,20,Yes,62556.48,61699.41,857.07
PO-00397,Delta_Logistics,18/5/2022,23/5/2022,Raw Materials,Cancelled,387,77.81,69.04,67,Yes,30112.47,26718.48,3393.99
PO-00398,Beta_Supplies,28/9/2022,3/10/2022,Electronics,Delivered,1779,97.86,94.36,176,Yes,174092.94,167866.44,6226.5
PO-00399,Gamma_Co,29/4/2022,5/5/2022,MRO,Pending,871,94.7,92.66,46,Yes,82483.7,80706.86,1776.84
PO-00400,Epsilon_Group,20/4/2022,23/4/2022,Electronics,Delivered,1236,51.33,44.03,25,Yes,63443.88,54421.08,9022.8
PO-00401,Delta_Logistics,21/7/2023,6/8/2023,Electronics,Delivered,1793,22.01,21.78,285,Yes,39463.93,39051.54,412.39
PO-00402,Delta_Logistics,9/6/2022,28/6/2022,MRO,Delivered,1006,101.1,89.04,139,Yes,101706.6,89574.24,12132.36
PO-00403,Beta_Supplies,6/10/2022,21/10/2022,Electronics,Cancelled,1754,89.35,86.54,161,No,156719.9,151791.16,4928.74
PO-00404,Epsilon_Group,16/10/2022,4/11/2022,Electronics,Delivered,210,22.17,21.32,10,Yes,4655.7,4477.2,178.5
PO-00405,Delta_Logistics,12/9/2023,2/10/2023,MRO,Delivered,1653,102.16,91.91,217,Yes,168870.48,151927.23,16943.25
PO-00406,Alpha_Inc,4/8/2022,15/8/2022,MRO,Partially Delivered,850,91.38,88.41,24,Yes,77673,75148.5,2524.5
PO-00407,Epsilon_Group,18/12/2022,21/12/2022,Raw Materials,Delivered,447,59.81,57.92,13,Yes,26735.07,25890.24,844.83
PO-00408,Gamma_Co,28/7/2022,7/8/2022,Office Supplies,Delivered,1350,65.11,56.95,71,Yes,87898.5,76882.5,11016
PO-00409,Beta_Supplies,5/12/2023,24/12/2023,Office Supplies,Delivered,865,51.19,47.76,83,Yes,44279.35,41312.4,2966.95
PO-00410,Alpha_Inc,12/10/2023,29/10/2023,MRO,Delivered,1989,16.5,15.89,57,Yes,32818.5,31605.21,1213.29
PO-00411,Alpha_Inc,28/9/2022,13/10/2022,Office Supplies,Delivered,1577,41.77,39.58,32,Yes,65871.29,62417.66,3453.63
PO-00412,Gamma_Co,2/6/2023,4/6/2023,Packaging,Pending,1969,89.25,87.28,108,No,175733.25,171854.32,3878.93
PO-00413,Beta_Supplies,16/5/2023,26/5/2023,Packaging,Partially Delivered,1465,11.25,9.61,151,Yes,16481.25,14078.65,2402.6
PO-00415,Beta_Supplies,22/2/2022,11/3/2022,Raw Materials,Delivered,1268,46.06,45.26,123,Yes,58404.08,57389.68,1014.4
PO-00416,Delta_Logistics,5/4/2022,24/4/2022,Office Supplies,Delivered,450,59.24,55.03,68,No,26658,24763.5,1894.5
PO-00417,Gamma_Co,12/10/2023,14/10/2023,Electronics,Partially Delivered,689,102.53,95.23,38,Yes,70643.17,65613.47,5029.7
PO-00418,Gamma_Co,10/3/2023,29/3/2023,MRO,Delivered,1106,44.05,38.6,51,Yes,48719.3,42691.6,6027.7
PO-00419,Alpha_Inc,11/10/2022,22/10/2022,Office Supplies,Delivered,737,43.08,42.58,21,Yes,31749.96,31381.46,368.5
PO-00420,Alpha_Inc,15/2/2022,4/3/2022,Raw Materials,Delivered,509,76.76,74.72,7,No,39070.84,38032.48,1038.36
PO-00421,Alpha_Inc,4/1/2022,6/1/2022,Electronics,Delivered,1004,50.7,46.59,27,Yes,50902.8,46776.36,4126.44
PO-00422,Gamma_Co,8/12/2022,19/12/2022,MRO,Pending,1956,31.88,28.48,86,Yes,62357.28,55706.88,6650.4
PO-00424,Gamma_Co,15/10/2023,21/10/2023,MRO,Partially Delivered,1448,25.06,21.62,84,Yes,36286.88,31305.76,4981.12
PO-00425,Gamma_Co,26/9/2022,11/10/2022,Packaging,Delivered,1095,26.91,23.75,53,Yes,29466.45,26006.25,3460.2
PO-00427,Beta_Supplies,29/3/2023,18/4/2023,MRO,Partially Delivered,1743,51.04,47.15,160,Yes,88962.72,82182.45,6780.27
PO-00428,Alpha_Inc,19/7/2023,31/7/2023,Raw Materials,Delivered,87,100.65,85.56,1,Yes,8756.55,7443.72,1312.83
PO-00430,Delta_Logistics,14/3/2023,25/3/2023,Raw Materials,Delivered,1438,66.61,58.5,237,Yes,95785.18,84123,11662.18
PO-00431,Delta_Logistics,29/7/2023,31/7/2023,Office Supplies,Partially Delivered,612,72.93,63.32,99,Yes,44633.16,38751.84,5881.32
PO-00432,Epsilon_Group,10/1/2022,21/1/2022,Packaging,Pending,487,11.18,10.63,15,Yes,5444.66,5176.81,267.85
PO-00433,Epsilon_Group,25/4/2022,29/4/2022,Packaging,Partially Delivered,1849,70.76,69.25,51,Yes,130835.24,128043.25,2791.99
PO-00434,Epsilon_Group,19/3/2022,1/4/2022,MRO,Partially Delivered,1356,26.28,25.44,47,Yes,35635.68,34496.64,1139.04
PO-00435,Delta_Logistics,9/12/2023,29/12/2023,Raw Materials,Delivered,76,107.59,96.33,10,Yes,8176.84,7321.08,855.76
PO-00439,Gamma_Co,14/1/2023,27/1/2023,MRO,Delivered,1682,105.7,101.3,94,Yes,177787.4,170386.6,7400.8
PO-00440,Epsilon_Group,20/8/2023,23/8/2023,Electronics,Delivered,333,60.44,58.54,8,Yes,20126.52,19493.82,632.7
PO-00441,Alpha_Inc,20/7/2023,2/8/2023,Electronics,Cancelled,928,69.31,67.26,20,Yes,64319.68,62417.28,1902.4
PO-00443,Epsilon_Group,17/3/2023,3/4/2023,Electronics,Pending,1554,82.92,74.82,44,Yes,128857.68,116270.28,12587.4
PO-00444,Gamma_Co,11/5/2022,25/5/2022,Packaging,Partially Delivered,502,29.47,28.94,27,Yes,14793.94,14527.88,266.06
PO-00446,Alpha_Inc,12/11/2022,18/11/2022,MRO,Pending,1902,29.89,25.83,41,Yes,56850.78,49128.66,7722.12
PO-00450,Alpha_Inc,4/8/2022,14/8/2022,Office Supplies,Delivered,596,62.96,61.88,9,Yes,37524.16,36880.48,643.68
PO-00451,Epsilon_Group,30/11/2023,4/12/2023,Office Supplies,Delivered,1265,17.66,16.97,34,Yes,22339.9,21467.05,872.85
PO-00452,Beta_Supplies,13/9/2022,1/10/2022,Raw Materials,Delivered,1122,82.99,81.7,118,No,93114.78,91667.4,1447.38
PO-00455,Beta_Supplies,29/12/2022,18/1/2023,MRO,Delivered,1245,52.4,51.65,118,No,65238,64304.25,933.75
PO-00457,Beta_Supplies,21/2/2023,27/2/2023,Packaging,Delivered,207,64.29,63.01,25,Yes,13308.03,13043.07,264.96
PO-00458,Beta_Supplies,28/9/2023,18/10/2023,Office Supplies,Delivered,526,26.37,25.32,47,Yes,13870.62,13318.32,552.3
PO-00460,Gamma_Co,31/8/2022,2/9/2022,Packaging,Delivered,1446,90.63,84.51,77,Yes,131050.98,122201.46,8849.52
PO-00461,Gamma_Co,16/6/2022,24/6/2022,Office Supplies,Delivered,567,97.53,85.29,21,Yes,55299.51,48359.43,6940.08
PO-00463,Beta_Supplies,27/2/2023,14/3/2023,MRO,Pending,1965,36.6,34.64,195,Yes,71919,68067.6,3851.4
PO-00465,Beta_Supplies,3/7/2022,19/7/2022,MRO,Delivered,1110,48.19,45.88,112,Yes,53490.9,50926.8,2564.1
PO-00467,Gamma_Co,26/2/2023,17/3/2023,Office Supplies,Cancelled,1422,25.62,25.18,65,Yes,36431.64,35805.96,625.68
PO-00469,Gamma_Co,12/9/2022,22/9/2022,Office Supplies,Partially Delivered,351,72.08,71.3,20,Yes,25300.08,25026.3,273.78
PO-00471,Alpha_Inc,13/6/2022,19/6/2022,MRO,Delivered,656,30.73,26.26,17,Yes,20158.88,17226.56,2932.32
PO-00472,Gamma_Co,20/12/2023,9/1/2024,MRO,Delivered,1172,34.34,32.09,69,Yes,40246.48,37609.48,2637
PO-00473,Gamma_Co,21/4/2022,30/4/2022,Electronics,Delivered,749,71.53,70.02,41,Yes,53575.97,52444.98,1130.99
PO-00474,Beta_Supplies,27/1/2023,12/2/2023,Packaging,Delivered,1042,12.48,12.3,88,Yes,13004.16,12816.6,187.56
PO-00477,Epsilon_Group,16/8/2022,2/9/2022,MRO,Delivered,302,26.98,26.47,9,Yes,8147.96,7993.94,154.02
PO-00479,Delta_Logistics,17/4/2023,23/4/2023,Office Supplies,Delivered,977,33.79,32.25,137,Yes,33012.83,31508.25,1504.58
PO-00480,Alpha_Inc,25/12/2022,11/1/2023,Packaging,Delivered,1234,19.99,17.66,25,Yes,24667.66,21792.44,2875.22
PO-00481,Beta_Supplies,9/11/2022,23/11/2022,Office Supplies,Delivered,1329,33.48,33.06,146,Yes,44494.92,43936.74,558.18
PO-00482,Gamma_Co,22/8/2022,30/8/2022,Raw Materials,Delivered,1396,77.63,67.81,58,Yes,108371.48,94662.76,13708.72
PO-00483,Alpha_Inc,17/8/2022,29/8/2022,Raw Materials,Delivered,177,90.06,87.71,7,Yes,15940.62,15524.67,415.95
PO-00485,Gamma_Co,7/11/2023,20/11/2023,Office Supplies,Delivered,1866,50.78,48.2,96,Yes,94755.48,89941.2,4814.28
PO-00486,Epsilon_Group,17/7/2022,25/7/2022,MRO,Delivered,1808,72.23,67.86,53,Yes,130591.84,122690.88,7900.96
PO-00487,Delta_Logistics,13/2/2023,16/2/2023,Electronics,Cancelled,615,30.3,29.52,96,Yes,18634.5,18154.8,479.7
PO-00488,Gamma_Co,3/12/2022,4/12/2022,Office Supplies,Pending,619,38.38,35.02,34,Yes,23757.22,21677.38,2079.84
PO-00489,Delta_Logistics,13/10/2022,17/10/2022,Office Supplies,Delivered,1396,94.75,84.06,210,Yes,132271,117347.76,14923.24
PO-00490,Gamma_Co,13/3/2022,24/3/2022,MRO,Delivered,1945,11.28,9.98,94,Yes,21939.6,19411.1,2528.5
PO-00491,Delta_Logistics,13/10/2022,18/10/2022,Packaging,Delivered,735,18.49,15.89,113,No,13590.15,11679.15,1911
PO-00492,Epsilon_Group,26/12/2022,11/1/2023,Office Supplies,Pending,1865,30.29,26.83,56,Yes,56490.85,50037.95,6452.9
PO-00493,Beta_Supplies,19/10/2023,24/10/2023,Electronics,Cancelled,675,13.69,11.84,52,Yes,9240.75,7992,1248.75
PO-00494,Gamma_Co,6/6/2023,22/6/2023,MRO,Pending,1361,28.57,24.29,65,Yes,38883.77,33058.69,5825.08
PO-00495,Gamma_Co,14/2/2023,15/2/2023,Raw Materials,Delivered,903,66.53,60.15,29,Yes,60076.59,54315.45,5761.14
PO-00497,Beta_Supplies,4/7/2023,11/7/2023,MRO,Delivered,1011,98.47,97.06,91,Yes,99553.17,98127.66,1425.51
PO-00498,Delta_Logistics,6/12/2022,24/12/2022,Electronics,Delivered,1712,88.17,85.86,246,Yes,150947.04,146992.32,3954.72
PO-00500,Beta_Supplies,29/4/2022,13/5/2022,Electronics,Partially Delivered,539,33.85,30.57,34,No,18245.15,16477.23,1767.92
PO-00501,Delta_Logistics,25/9/2022,5/10/2022,Office Supplies,Delivered,1459,45.94,42.56,212,No,67026.46,62095.04,4931.42
PO-00503,Gamma_Co,18/8/2023,1/9/2023,Packaging,Partially Delivered,1177,37.37,34.27,60,Yes,43984.49,40335.79,3648.7
PO-00504,Delta_Logistics,29/9/2022,19/10/2022,MRO,Delivered,1466,68.82,66.82,211,Yes,100890.12,97958.12,2932
PO-00505,Epsilon_Group,9/2/2022,13/2/2022,Electronics,Delivered,1884,47.08,44.31,54,Yes,88698.72,83480.04,5218.68
PO-00506,Beta_Supplies,22/4/2022,8/5/2022,Electronics,Delivered,295,60.58,57.32,31,Yes,17871.1,16909.4,961.7
PO-00507,Gamma_Co,3/9/2023,4/9/2023,Raw Materials,Delivered,1249,54.18,47.29,59,Yes,67670.82,59065.21,8605.61
PO-00508,Delta_Logistics,21/3/2023,9/4/2023,Raw Materials,Delivered,1112,39.06,33.6,184,No,43434.72,37363.2,6071.52
PO-00509,Gamma_Co,20/12/2022,25/12/2022,Office Supplies,Delivered,1550,100.61,97.43,66,Yes,155945.5,151016.5,4929
PO-00510,Delta_Logistics,18/11/2022,19/11/2022,Electronics,Delivered,1755,82.66,73.67,258,No,145068.3,129290.85,15777.45
PO-00511,Gamma_Co,23/3/2023,31/3/2023,Raw Materials,Delivered,808,24.19,21.64,39,Yes,19545.52,17485.12,2060.4
PO-00512,Alpha_Inc,13/9/2023,19/9/2023,Raw Materials,Partially Delivered,587,96.98,95.35,14,Yes,56927.26,55970.45,956.81
PO-00513,Epsilon_Group,8/6/2023,11/6/2023,MRO,Delivered,1940,58.45,50.29,54,Yes,113393,97562.6,15830.4
PO-00514,Beta_Supplies,29/4/2022,11/5/2022,Office Supplies,Cancelled,1891,91.87,80.28,158,Yes,173726.17,151809.48,21916.69
PO-00515,Epsilon_Group,30/1/2023,16/2/2023,Packaging,Delivered,970,86.91,78.44,18,Yes,84302.7,76086.8,8215.9
PO-00516,Epsilon_Group,14/8/2023,31/8/2023,MRO,Delivered,457,52.85,50.34,16,Yes,24152.45,23005.38,1147.07
PO-00518,Epsilon_Group,18/9/2022,20/9/2022,Office Supplies,Delivered,877,35.55,34.69,24,Yes,31177.35,30423.13,754.22
PO-00519,Alpha_Inc,15/2/2022,27/2/2022,MRO,Delivered,1579,59.04,50.95,29,Yes,93224.16,80450.05,12774.11
PO-00521,Beta_Supplies,23/3/2023,26/3/2023,Raw Materials,Pending,1898,35.53,33.25,187,Yes,67435.94,63108.5,4327.44
PO-00522,Delta_Logistics,2/1/2022,6/1/2022,Packaging,Delivered,85,22.54,20.68,6,Yes,1915.9,1757.8,158.1
PO-00523,Gamma_Co,17/6/2023,28/6/2023,Packaging,Pending,734,92.38,78.92,34,No,67806.92,57927.28,9879.64
PO-00525,Delta_Logistics,5/12/2023,11/12/2023,Packaging,Delivered,370,63.9,55.79,59,Yes,23643,20642.3,3000.7
PO-00526,Delta_Logistics,18/11/2023,3/12/2023,MRO,Delivered,1849,28.25,27.53,271,Yes,52234.25,50902.97,1331.28
PO-00528,Gamma_Co,8/1/2023,14/1/2023,Electronics,Delivered,449,12.35,10.67,29,Yes,5545.15,4790.83,754.32
PO-00529,Beta_Supplies,18/3/2023,21/3/2023,Office Supplies,Delivered,703,98.75,86.78,59,Yes,69421.25,61006.34,8414.91
PO-00530,Gamma_Co,13/3/2022,28/3/2022,Electronics,Delivered,1021,20.8,18.23,37,Yes,21236.8,18612.83,2623.97
PO-00532,Delta_Logistics,5/12/2022,12/12/2022,Office Supplies,Partially Delivered,520,36.57,34.78,67,No,19016.4,18085.6,930.8
PO-00533,Delta_Logistics,1/10/2023,12/10/2023,MRO,Delivered,1216,66.16,63,179,No,80450.56,76608,3842.56
PO-00535,Delta_Logistics,11/11/2023,29/11/2023,Packaging,Pending,1427,93.99,83.6,213,Yes,134123.73,119297.2,14826.53
PO-00536,Epsilon_Group,8/5/2022,10/5/2022,Electronics,Delivered,883,29.15,25.75,14,Yes,25739.45,22737.25,3002.2
PO-00537,Delta_Logistics,4/11/2022,11/11/2022,Packaging,Partially Delivered,1873,11.54,9.89,284,No,21614.42,18523.97,3090.45
PO-00538,Epsilon_Group,4/6/2023,6/6/2023,Office Supplies,Delivered,776,24.22,22.53,27,Yes,18794.72,17483.28,1311.44
PO-00539,Delta_Logistics,13/11/2022,24/11/2022,Electronics,Delivered,903,95.55,92.45,149,No,86281.65,83482.35,2799.3
PO-00540,Epsilon_Group,14/11/2023,26/11/2023,Electronics,Delivered,100,98.4,85.76,3,Yes,9840,8576,1264
PO-00542,Delta_Logistics,1/12/2022,14/12/2022,Packaging,Delivered,1771,67.57,61.48,280,No,119666.47,108881.08,10785.39
PO-00543,Epsilon_Group,17/2/2023,23/2/2023,Electronics,Delivered,624,74.39,66.3,18,No,46419.36,41371.2,5048.16
PO-00544,Alpha_Inc,15/12/2023,31/12/2023,Packaging,Partially Delivered,1263,28.75,27.1,26,Yes,36311.25,34227.3,2083.95
PO-00549,Alpha_Inc,7/3/2023,18/3/2023,MRO,Delivered,1415,15.22,13.56,30,Yes,21536.3,19187.4,2348.9
PO-00550,Beta_Supplies,12/11/2023,23/11/2023,Packaging,Delivered,354,27.71,23.87,39,No,9809.34,8449.98,1359.36
PO-00551,Gamma_Co,24/1/2023,3/2/2023,MRO,Delivered,1765,81.01,78.43,78,Yes,142982.65,138428.95,4553.7
PO-00552,Beta_Supplies,25/11/2023,9/12/2023,MRO,Delivered,731,19.37,17.3,69,No,14159.47,12646.3,1513.17
PO-00553,Epsilon_Group,28/6/2022,13/7/2022,MRO,Delivered,887,65.89,59.67,29,Yes,58444.43,52927.29,5517.14
PO-00554,Alpha_Inc,23/9/2023,25/9/2023,MRO,Delivered,1856,35.29,32.41,26,Yes,65498.24,60152.96,5345.28
PO-00555,Epsilon_Group,6/8/2023,18/8/2023,Office Supplies,Delivered,1127,49.32,46.49,30,Yes,55583.64,52394.23,3189.41
PO-00556,Delta_Logistics,5/11/2022,19/11/2022,Raw Materials,Delivered,1052,37.78,32.6,162,Yes,39744.56,34295.2,5449.36
PO-00557,Gamma_Co,20/2/2023,22/2/2023,Raw Materials,Delivered,493,44.74,41.44,24,No,22056.82,20429.92,1626.9
PO-00558,Delta_Logistics,16/7/2023,29/7/2023,MRO,Partially Delivered,662,81.44,71.33,87,Yes,53913.28,47220.46,6692.82
PO-00559,Alpha_Inc,1/1/2022,7/1/2022,Raw Materials,Delivered,1042,36.74,35.78,33,Yes,38283.08,37282.76,1000.32
PO-00562,Gamma_Co,4/8/2022,19/8/2022,MRO,Delivered,1645,72.17,64,79,Yes,118719.65,105280,13439.65
PO-00563,Beta_Supplies,17/3/2023,20/3/2023,Packaging,Delivered,1053,100.92,92.35,104,Yes,106268.76,97244.55,9024.21
PO-00564,Epsilon_Group,17/8/2023,29/8/2023,MRO,Delivered,1693,83.14,73.3,62,Yes,140756.02,124096.9,16659.12
PO-00565,Epsilon_Group,14/9/2023,3/10/2023,Raw Materials,Pending,54,32.28,28.65,3,Yes,1743.12,1547.1,196.02
PO-00566,Epsilon_Group,2/11/2023,7/11/2023,Packaging,Delivered,1176,14.22,12.21,33,Yes,16722.72,14358.96,2363.76
PO-00567,Epsilon_Group,26/11/2022,8/12/2022,Raw Materials,Delivered,1269,35.28,33.7,35,Yes,44770.32,42765.3,2005.02
PO-00568,Epsilon_Group,22/4/2023,25/4/2023,Raw Materials,Delivered,823,68.32,64.46,19,Yes,56227.36,53050.58,3176.78
PO-00569,Beta_Supplies,29/3/2023,15/4/2023,Electronics,Delivered,926,15.65,13.49,94,No,14491.9,12491.74,2000.16
PO-00570,Delta_Logistics,29/3/2023,9/4/2023,Electronics,Cancelled,1041,58.5,52.54,170,No,60898.5,54694.14,6204.36
PO-00571,Gamma_Co,23/11/2023,1/12/2023,Electronics,Pending,933,70.72,65.47,42,Yes,65981.76,61083.51,4898.25
PO-00573,Delta_Logistics,8/6/2023,14/6/2023,MRO,Delivered,96,86.13,80.32,12,No,8268.48,7710.72,557.76
PO-00574,Epsilon_Group,30/4/2023,13/5/2023,MRO,Delivered,916,21.06,19.53,25,Yes,19290.96,17889.48,1401.48
PO-00577,Gamma_Co,28/3/2022,4/4/2022,Raw Materials,Delivered,1893,55.14,50.1,98,Yes,104380.02,94839.3,9540.72
PO-00580,Alpha_Inc,11/11/2023,16/11/2023,Office Supplies,Pending,419,35.72,32.74,7,Yes,14966.68,13718.06,1248.62
PO-00581,Gamma_Co,11/10/2023,26/10/2023,MRO,Delivered,685,92.51,90.05,38,Yes,63369.35,61684.25,1685.1
PO-00582,Delta_Logistics,27/9/2023,12/10/2023,Office Supplies,Partially Delivered,1179,90.14,82.63,194,Yes,106275.06,97420.77,8854.29
PO-00584,Alpha_Inc,6/4/2022,17/4/2022,MRO,Delivered,1732,35.01,34.18,40,Yes,60637.32,59199.76,1437.56
PO-00585,Beta_Supplies,29/8/2022,1/9/2022,Office Supplies,Delivered,706,65.33,62.06,60,No,46122.98,43814.36,2308.62
PO-00588,Gamma_Co,19/8/2022,25/8/2022,MRO,Delivered,1860,95.8,92.17,105,No,178188,171436.2,6751.8
PO-00589,Delta_Logistics,23/7/2022,9/8/2022,MRO,Delivered,1677,22.98,21.71,246,Yes,38537.46,36407.67,2129.79
PO-00590,Beta_Supplies,31/5/2022,7/6/2022,Packaging,Partially Delivered,1131,97.43,91.28,103,Yes,110193.33,103237.68,6955.65
PO-00592,Delta_Logistics,17/2/2022,18/2/2022,Raw Materials,Pending,790,26.8,25.62,115,Yes,21172,20239.8,932.2
PO-00593,Gamma_Co,8/9/2022,27/9/2022,MRO,Pending,1547,61.12,53.43,77,Yes,94552.64,82656.21,11896.43
PO-00594,Delta_Logistics,2/5/2023,20/5/2023,Office Supplies,Cancelled,166,95.65,94.48,23,Yes,15877.9,15683.68,194.22
PO-00595,Alpha_Inc,18/9/2023,21/9/2023,Electronics,Delivered,1903,83.49,82.33,43,Yes,158881.47,156673.99,2207.48
PO-00596,Delta_Logistics,16/3/2022,29/3/2022,Office Supplies,Partially Delivered,840,83.42,80.35,153,Yes,70072.8,67494,2578.8
PO-00598,Gamma_Co,1/3/2023,18/3/2023,Raw Materials,Delivered,1466,77.37,70.35,72,Yes,113424.42,103133.1,10291.32
PO-00599,Alpha_Inc,7/10/2023,21/10/2023,Office Supplies,Delivered,1981,95.5,94.39,49,Yes,189185.5,186986.59,2198.91
PO-00601,Alpha_Inc,19/7/2022,30/7/2022,MRO,Delivered,1714,55.67,55.09,42,Yes,95418.38,94424.26,994.12
PO-00602,Alpha_Inc,15/12/2023,30/12/2023,Office Supplies,Delivered,1131,33.35,31.28,23,Yes,37718.85,35377.68,2341.17
PO-00604,Gamma_Co,22/5/2023,9/6/2023,Packaging,Partially Delivered,562,102.56,90.88,38,Yes,57638.72,51074.56,6564.16
PO-00605,Alpha_Inc,14/2/2023,20/2/2023,Electronics,Delivered,1824,14.43,14.11,36,Yes,26320.32,25736.64,583.68
PO-00606,Beta_Supplies,7/9/2022,12/9/2022,Electronics,Partially Delivered,851,76.44,74.76,91,Yes,65050.44,63620.76,1429.68
PO-00607,Beta_Supplies,1/6/2022,3/6/2022,Office Supplies,Delivered,1169,95.6,82.16,103,Yes,111756.4,96045.04,15711.36
PO-00608,Epsilon_Group,3/11/2023,20/11/2023,MRO,Delivered,1711,29.14,26.35,48,Yes,49858.54,45084.85,4773.69
PO-00609,Beta_Supplies,6/12/2023,12/12/2023,Packaging,Pending,1191,68.14,61.71,112,Yes,81154.74,73496.61,7658.13
PO-00610,Epsilon_Group,6/1/2022,14/1/2022,Electronics,Delivered,609,92.39,82.75,29,Yes,56265.51,50394.75,5870.76
PO-00611,Beta_Supplies,20/4/2022,7/5/2022,Office Supplies,Delivered,1674,13.25,11.77,181,Yes,22180.5,19702.98,2477.52
PO-00612,Gamma_Co,12/3/2023,15/3/2023,MRO,Delivered,537,77.86,71.18,20,Yes,41810.82,38223.66,3587.16
PO-00613,Epsilon_Group,13/8/2022,31/8/2022,Electronics,Delivered,1310,38.05,37,45,Yes,49845.5,48470,1375.5
PO-00614,Delta_Logistics,30/6/2022,10/7/2022,Raw Materials,Delivered,1958,95.53,91.72,308,Yes,187047.74,179587.76,7459.98
PO-00615,Delta_Logistics,14/12/2023,17/12/2023,Office Supplies,Delivered,946,108.6,101.78,146,Yes,102735.6,96283.88,6451.72
PO-00618,Beta_Supplies,21/2/2022,13/3/2022,Office Supplies,Pending,753,88.02,79.92,75,Yes,66279.06,60179.76,6099.3
PO-00619,Beta_Supplies,25/7/2023,14/8/2023,Electronics,Delivered,1520,93.75,81.63,149,Yes,142500,124077.6,18422.4
PO-00620,Delta_Logistics,13/9/2022,2/10/2022,Office Supplies,Delivered,630,40.27,37.54,76,Yes,25370.1,23650.2,1719.9
PO-00621,Delta_Logistics,5/5/2022,6/5/2022,Office Supplies,Delivered,839,86.29,82.51,110,Yes,72397.31,69225.89,3171.42
PO-00622,Alpha_Inc,13/4/2023,2/5/2023,Electronics,Delivered,910,14.33,14.07,27,Yes,13040.3,12803.7,236.6
PO-00624,Beta_Supplies,21/4/2023,5/5/2023,MRO,Delivered,1149,33,30.65,141,Yes,37917,35216.85,2700.15
PO-00626,Epsilon_Group,28/6/2023,16/7/2023,Office Supplies,Delivered,1729,18.36,16.34,47,Yes,31744.44,28251.86,3492.58
PO-00627,Delta_Logistics,27/7/2023,6/8/2023,Office Supplies,Delivered,1508,79.21,73.27,226,Yes,119448.68,110491.16,8957.52
PO-00628,Delta_Logistics,2/9/2023,15/9/2023,Packaging,Partially Delivered,1046,44.65,40.1,165,No,46703.9,41944.6,4759.3
PO-00629,Alpha_Inc,21/11/2022,24/11/2022,Office Supplies,Delivered,1159,78.99,71.69,14,Yes,91549.41,83088.71,8460.7
PO-00630,Beta_Supplies,30/3/2023,5/4/2023,Electronics,Delivered,746,16.99,15.35,69,No,12674.54,11451.1,1223.44
PO-00631,Beta_Supplies,20/9/2023,6/10/2023,Packaging,Delivered,1358,42.21,38.75,128,Yes,57321.18,52622.5,4698.68
PO-00632,Gamma_Co,1/6/2023,12/6/2023,Office Supplies,Delivered,1293,63.53,59.42,79,Yes,82144.29,76830.06,5314.23
PO-00633,Alpha_Inc,13/3/2023,24/3/2023,Electronics,Delivered,1142,86.85,74.28,30,Yes,99182.7,84827.76,14354.94
PO-00634,Epsilon_Group,16/7/2023,27/7/2023,MRO,Delivered,1120,42.17,37.47,33,Yes,47230.4,41966.4,5264
PO-00637,Beta_Supplies,2/5/2023,14/5/2023,MRO,Delivered,1823,70.66,66.92,202,Yes,128813.18,121995.16,6818.02
PO-00638,Gamma_Co,6/4/2023,10/4/2023,Office Supplies,Delivered,1007,33.29,28.48,49,Yes,33523.03,28679.36,4843.67
PO-00639,Gamma_Co,23/9/2022,8/10/2022,Packaging,Delivered,1061,12.68,12.36,56,No,13453.48,13113.96,339.52
PO-00641,Delta_Logistics,15/10/2023,19/10/2023,Packaging,Delivered,1277,13.17,11.63,199,No,16818.09,14851.51,1966.58
PO-00642,Alpha_Inc,11/10/2022,24/10/2022,Packaging,Delivered,961,92.72,88.49,22,Yes,89103.92,85038.89,4065.03
PO-00643,Gamma_Co,18/6/2023,2/7/2023,Packaging,Delivered,267,62.5,61.18,17,Yes,16687.5,16335.06,352.44
PO-00646,Gamma_Co,2/9/2022,9/9/2022,Office Supplies,Delivered,390,103.81,100.12,20,Yes,40485.9,39046.8,1439.1
PO-00647,Epsilon_Group,9/10/2022,25/10/2022,Packaging,Delivered,600,43.43,38.76,22,Yes,26058,23256,2802
PO-00649,Epsilon_Group,21/3/2022,31/3/2022,Packaging,Cancelled,1362,46.64,42.85,33,Yes,63523.68,58361.7,5161.98
PO-00650,Delta_Logistics,1/1/2024,4/1/2024,Electronics,Pending,1327,59.57,56.44,169,Yes,79049.39,74895.88,4153.51
PO-00653,Gamma_Co,6/10/2022,18/10/2022,Raw Materials,Partially Delivered,72,103,89.49,1,No,7416,6443.28,972.72
PO-00654,Gamma_Co,10/12/2022,20/12/2022,Office Supplies,Delivered,1835,83.5,82.36,85,No,153222.5,151130.6,2091.9
PO-00656,Epsilon_Group,8/7/2023,9/7/2023,Packaging,Delivered,1831,52.24,50.44,60,Yes,95651.44,92355.64,3295.8
PO-00657,Beta_Supplies,24/3/2022,7/4/2022,Office Supplies,Pending,1910,77.15,68.49,170,Yes,147356.5,130815.9,16540.6
PO-00659,Epsilon_Group,4/6/2022,17/6/2022,Packaging,Partially Delivered,851,20.44,19.22,22,Yes,17394.44,16356.22,1038.22
PO-00660,Epsilon_Group,25/8/2022,7/9/2022,MRO,Cancelled,1253,43.38,38.01,34,Yes,54355.14,47626.53,6728.61
PO-00661,Alpha_Inc,28/1/2023,15/2/2023,Electronics,Delivered,1296,38,33.42,33,Yes,49248,43312.32,5935.68
PO-00662,Beta_Supplies,12/12/2023,30/12/2023,Raw Materials,Delivered,1979,40.88,39.46,221,Yes,80901.52,78091.34,2810.18
PO-00663,Gamma_Co,6/6/2022,19/6/2022,Office Supplies,Delivered,811,31.8,30.33,58,Yes,25789.8,24597.63,1192.17
PO-00664,Alpha_Inc,25/12/2023,12/1/2024,Electronics,Delivered,1732,15.37,14.7,38,Yes,26620.84,25460.4,1160.44
PO-00665,Beta_Supplies,8/8/2022,28/8/2022,Packaging,Delivered,491,12.01,11.67,47,Yes,5896.91,5729.97,166.94
PO-00666,Gamma_Co,7/3/2022,11/3/2022,Packaging,Cancelled,1681,99.88,96.38,90,Yes,167898.28,162014.78,5883.5
PO-00667,Alpha_Inc,1/3/2023,5/3/2023,Raw Materials,Partially Delivered,818,51.89,47.85,12,Yes,42446.02,39141.3,3304.72
PO-00668,Beta_Supplies,22/2/2023,5/3/2023,Office Supplies,Delivered,1065,47.49,41.42,113,Yes,50576.85,44112.3,6464.55
PO-00669,Gamma_Co,5/12/2022,17/12/2022,Packaging,Delivered,1398,75.08,67.09,57,Yes,104961.84,93791.82,11170.02
PO-00670,Beta_Supplies,10/7/2023,17/7/2023,Packaging,Delivered,565,32.31,29.76,60,Yes,18255.15,16814.4,1440.75
PO-00671,Epsilon_Group,23/4/2023,6/5/2023,Packaging,Pending,1089,102.66,89.21,33,Yes,111796.74,97149.69,14647.05
PO-00672,Delta_Logistics,2/3/2023,4/3/2023,Electronics,Delivered,841,86.43,83.77,125,No,72687.63,70450.57,2237.06
PO-00674,Epsilon_Group,31/7/2022,17/8/2022,Office Supplies,Delivered,1832,49.01,41.86,52,Yes,89786.32,76687.52,13098.8
PO-00675,Beta_Supplies,7/3/2023,27/3/2023,Raw Materials,Delivered,307,95.36,83.63,29,Yes,29275.52,25674.41,3601.11
PO-00676,Epsilon_Group,3/2/2023,8/2/2023,Office Supplies,Delivered,546,101.2,97.82,21,Yes,55255.2,53409.72,1845.48
PO-00677,Delta_Logistics,22/8/2023,11/9/2023,Raw Materials,Delivered,945,57.01,55.14,147,No,53874.45,52107.3,1767.15
PO-00678,Delta_Logistics,14/12/2023,27/12/2023,MRO,Pending,209,72.71,64.34,39,Yes,15196.39,13447.06,1749.33
PO-00680,Delta_Logistics,13/8/2023,23/8/2023,Raw Materials,Delivered,901,108.63,106.3,141,Yes,97875.63,95776.3,2099.33
PO-00681,Epsilon_Group,25/1/2023,11/2/2023,Packaging,Delivered,1737,32.7,31.02,48,Yes,56799.9,53881.74,2918.16
PO-00682,Beta_Supplies,4/5/2023,22/5/2023,Raw Materials,Delivered,1981,102.43,90.99,204,Yes,202913.83,180251.19,22662.64
PO-00683,Epsilon_Group,7/1/2022,26/1/2022,MRO,Pending,739,68.47,66.09,19,Yes,50599.33,48840.51,1758.82
PO-00684,Beta_Supplies,27/12/2022,28/12/2022,Raw Materials,Delivered,1748,68.25,62.84,171,Yes,119301,109844.32,9456.68
PO-00685,Delta_Logistics,2/11/2022,6/11/2022,Office Supplies,Cancelled,429,58.95,55.35,59,No,25289.55,23745.15,1544.4
PO-00687,Beta_Supplies,6/3/2023,7/3/2023,Packaging,Delivered,1006,27.7,23.66,101,No,27866.2,23801.96,4064.24
PO-00688,Beta_Supplies,6/7/2023,15/7/2023,Electronics,Partially Delivered,740,32.53,29.35,84,Yes,24072.2,21719,2353.2
PO-00691,Epsilon_Group,14/8/2022,16/8/2022,Raw Materials,Cancelled,1341,42.96,41.75,39,Yes,57609.36,55986.75,1622.61
PO-00692,Alpha_Inc,15/5/2023,21/5/2023,MRO,Cancelled,1908,16.42,15.31,36,Yes,31329.36,29211.48,2117.88
PO-00693,Gamma_Co,13/8/2022,2/9/2022,MRO,Partially Delivered,1650,100.62,90.45,85,Yes,166023,149242.5,16780.5
PO-00694,Alpha_Inc,7/10/2022,20/10/2022,MRO,Delivered,1490,93.57,81.68,29,Yes,139419.3,121703.2,17716.1
PO-00695,Delta_Logistics,23/3/2023,31/3/2023,Raw Materials,Delivered,1241,100.04,97.56,187,Yes,124149.64,121071.96,3077.68
PO-00696,Beta_Supplies,13/5/2023,17/5/2023,MRO,Delivered,1915,107.51,102.66,184,Yes,205881.65,196593.9,9287.75
PO-00697,Beta_Supplies,30/1/2022,14/2/2022,Raw Materials,Delivered,1116,25.65,24.28,121,Yes,28625.4,27096.48,1528.92
PO-00698,Delta_Logistics,3/2/2023,8/2/2023,Raw Materials,Delivered,1629,48.63,43.28,260,Yes,79218.27,70503.12,8715.15
PO-00703,Delta_Logistics,19/6/2022,6/7/2022,Electronics,Delivered,1375,30.95,30.02,223,Yes,42556.25,41277.5,1278.75
PO-00704,Delta_Logistics,24/4/2023,5/5/2023,Electronics,Partially Delivered,1971,32.4,30.48,321,Yes,63860.4,60076.08,3784.32
PO-00706,Delta_Logistics,30/9/2023,13/10/2023,MRO,Cancelled,548,69.7,61.87,90,Yes,38195.6,33904.76,4290.84
PO-00707,Beta_Supplies,1/7/2023,7/7/2023,MRO,Delivered,803,67.81,61.53,78,Yes,54451.43,49408.59,5042.84
PO-00709,Epsilon_Group,8/2/2023,20/2/2023,Packaging,Delivered,776,94.75,90.89,19,Yes,73526,70530.64,2995.36
PO-00710,Alpha_Inc,30/8/2023,8/9/2023,MRO,Delivered,898,37.12,35.54,18,No,33333.76,31914.92,1418.84
PO-00711,Beta_Supplies,1/8/2023,8/8/2023,Office Supplies,Cancelled,139,23.71,20.18,14,Yes,3295.69,2805.02,490.67
PO-00713,Alpha_Inc,28/1/2022,7/2/2022,MRO,Delivered,654,96.01,90.31,10,Yes,62790.54,59062.74,3727.8
PO-00714,Gamma_Co,27/3/2022,6/4/2022,MRO,Delivered,1995,88.47,82.65,87,No,176497.65,164886.75,11610.9
PO-00715,Beta_Supplies,21/10/2023,28/10/2023,MRO,Delivered,1019,91.56,77.93,111,No,93299.64,79410.67,13888.97
PO-00716,Epsilon_Group,15/3/2023,31/3/2023,Packaging,Pending,1675,73.8,65.34,42,Yes,123615,109444.5,14170.5
PO-00718,Beta_Supplies,18/4/2023,27/4/2023,Office Supplies,Delivered,467,19.17,17.11,49,Yes,8952.39,7990.37,962.02
PO-00719,Delta_Logistics,6/7/2022,25/7/2022,MRO,Pending,164,48.16,47.46,27,Yes,7898.24,7783.44,114.8
PO-00720,Epsilon_Group,21/2/2022,6/3/2022,Electronics,Cancelled,666,43.76,41.13,18,Yes,29144.16,27392.58,1751.58
PO-00721,Delta_Logistics,24/9/2022,7/10/2022,Packaging,Partially Delivered,1976,34.71,31.56,286,No,68586.96,62362.56,6224.4
PO-00722,Epsilon_Group,24/1/2023,29/1/2023,MRO,Delivered,1269,79.61,71.86,47,Yes,101025.09,91190.34,9834.75
PO-00723,Epsilon_Group,2/12/2022,12/12/2022,MRO,Delivered,875,57.63,51.8,16,Yes,50426.25,45325,5101.25
PO-00725,Epsilon_Group,11/4/2023,26/4/2023,Office Supplies,Partially Delivered,1699,32.05,29.34,69,Yes,54452.95,49848.66,4604.29
PO-00726,Alpha_Inc,1/12/2022,17/12/2022,Electronics,Delivered,1566,75.43,71.27,27,Yes,118123.38,111608.82,6514.56
PO-00727,Gamma_Co,12/12/2022,30/12/2022,Electronics,Delivered,1148,17.78,17.16,61,Yes,20411.44,19699.68,711.76
PO-00728,Epsilon_Group,24/1/2023,11/2/2023,Office Supplies,Delivered,462,91.81,83.14,11,Yes,42416.22,38410.68,4005.54
PO-00729,Gamma_Co,12/10/2022,17/10/2022,Packaging,Delivered,1449,57.02,49.28,71,Yes,82621.98,71406.72,11215.26
PO-00730,Epsilon_Group,8/3/2023,27/3/2023,MRO,Delivered,1493,56.98,52.51,43,Yes,85071.14,78397.43,6673.71
PO-00733,Epsilon_Group,27/4/2023,5/5/2023,Packaging,Delivered,1070,44.4,40.07,26,Yes,47508,42874.9,4633.1
PO-00734,Beta_Supplies,20/1/2022,3/2/2022,Packaging,Pending,810,71.02,66.8,73,Yes,57526.2,54108,3418.2
PO-00735,Delta_Logistics,7/7/2023,23/7/2023,Packaging,Cancelled,725,66.4,62.1,118,Yes,48140,45022.5,3117.5
PO-00736,Alpha_Inc,23/2/2022,28/2/2022,Electronics,Delivered,1467,34.2,30.5,25,Yes,50171.4,44743.5,5427.9
PO-00737,Beta_Supplies,25/12/2022,12/1/2023,Packaging,Delivered,1942,93.98,81.31,198,Yes,182509.16,157904.02,24605.14
PO-00739,Alpha_Inc,28/10/2023,13/11/2023,MRO,Delivered,969,76.53,75.64,30,Yes,74157.57,73295.16,862.41
PO-00741,Gamma_Co,30/10/2023,9/11/2023,Raw Materials,Delivered,788,97.3,94.44,32,Yes,76672.4,74418.72,2253.68
PO-00742,Gamma_Co,11/2/2022,13/2/2022,Office Supplies,Delivered,1762,74.12,65.71,94,Yes,130599.44,115781.02,14818.42
PO-00744,Delta_Logistics,11/9/2022,30/9/2022,Office Supplies,Delivered,1621,75.68,73.78,226,No,122677.28,119597.38,3079.9
PO-00745,Alpha_Inc,24/7/2022,26/7/2022,Packaging,Delivered,1027,73.35,65.42,24,No,75330.45,67186.34,8144.11
PO-00747,Beta_Supplies,29/9/2023,5/10/2023,Packaging,Delivered,145,85.52,81.86,11,No,12400.4,11869.7,530.7
PO-00749,Gamma_Co,2/9/2022,15/9/2022,Electronics,Delivered,712,92.85,89.39,43,Yes,66109.2,63645.68,2463.52
PO-00750,Epsilon_Group,10/5/2022,16/5/2022,Electronics,Delivered,1263,90.24,86.84,28,Yes,113973.12,109678.92,4294.2
PO-00754,Beta_Supplies,1/8/2023,2/8/2023,Electronics,Delivered,1442,43.98,41.82,140,No,63419.16,60304.44,3114.72
PO-00755,Beta_Supplies,12/8/2022,1/9/2022,Office Supplies,Pending,1768,79.61,74.97,207,No,140750.48,132546.96,8203.52
PO-00756,Beta_Supplies,22/4/2023,3/5/2023,Electronics,Partially Delivered,1598,26.3,26.03,154,No,42027.4,41595.94,431.46
PO-00757,Alpha_Inc,18/12/2023,5/1/2024,MRO,Cancelled,328,93.23,82.63,6,Yes,30579.44,27102.64,3476.8
PO-00758,Epsilon_Group,20/9/2022,25/9/2022,Packaging,Delivered,266,88.29,80.22,4,Yes,23485.14,21338.52,2146.62
PO-00759,Gamma_Co,13/1/2023,28/1/2023,Raw Materials,Delivered,916,59.01,53.37,47,Yes,54053.16,48886.92,5166.24
PO-00760,Epsilon_Group,21/6/2022,25/6/2022,Packaging,Cancelled,922,10.84,9.27,29,Yes,9994.48,8546.94,1447.54
PO-00761,Gamma_Co,13/9/2023,28/9/2023,Packaging,Delivered,1871,39.42,37.41,101,No,73754.82,69994.11,3760.71
PO-00762,Epsilon_Group,14/9/2023,20/9/2023,Raw Materials,Delivered,1346,72.08,67.04,38,Yes,97019.68,90235.84,6783.84
PO-00763,Epsilon_Group,28/4/2022,9/5/2022,Electronics,Delivered,1954,99.78,87.47,57,Yes,194970.12,170916.38,24053.74
PO-00764,Beta_Supplies,17/6/2022,6/7/2022,Electronics,Delivered,111,68.53,65.22,11,Yes,7606.83,7239.42,367.41
PO-00765,Gamma_Co,15/11/2022,22/11/2022,Office Supplies,Pending,645,35.05,30.88,27,Yes,22607.25,19917.6,2689.65
PO-00766,Gamma_Co,21/4/2022,4/5/2022,Electronics,Cancelled,1953,68.07,62.95,87,Yes,132940.71,122941.35,9999.36
PO-00767,Gamma_Co,16/8/2023,2/9/2023,Electronics,Delivered,778,64.17,61.6,47,Yes,49924.26,47924.8,1999.46
PO-00769,Gamma_Co,16/11/2022,22/11/2022,Raw Materials,Delivered,446,20.61,19.46,14,Yes,9192.06,8679.16,512.9
PO-00771,Alpha_Inc,25/11/2023,3/12/2023,Electronics,Pending,1092,65.17,63.11,21,Yes,71165.64,68916.12,2249.52
PO-00772,Beta_Supplies,20/1/2023,2/2/2023,Electronics,Delivered,226,102.47,99.16,28,Yes,23158.22,22410.16,748.06
PO-00773,Delta_Logistics,11/2/2023,20/2/2023,Electronics,Delivered,1685,43.42,42.24,262,Yes,73162.7,71174.4,1988.3
PO-00775,Gamma_Co,19/3/2022,7/4/2022,Raw Materials,Delivered,494,94.82,81.89,29,Yes,46841.08,40453.66,6387.42
PO-00776,Beta_Supplies,30/8/2023,11/9/2023,MRO,Delivered,1306,21.05,18.27,128,Yes,27491.3,23860.62,3630.68
PO-00777,Beta_Supplies,9/12/2023,11/12/2023,Office Supplies,Delivered,1988,105.2,93.23,187,Yes,209137.6,185341.24,23796.36
